# Source de verite — editer ce fichier, puis python tools/render_github.py --write
# LF, UTF-8, quote all, separateur point-virgule. a = champ vide.
"schema_version";"id";"locale";"sequence";"date_classement";"categorie";"priorite";"emoji";"titre";"slug";"corps";"dod";"note";"state"
"1";"intro-scanner";"fr";"0";"2026-08-14";"intro";"a";"🧭";"Scanner AI-READY, architecture AI-First";"scanner-ai-ready-architecture-ai-first";"Alchimiste IA publie un référentiel de contrôles pour qu’un site soit lisible, vérifiable et citable par les moteurs et les agents. L’audit AI-READY inspecte le DOM, la sémantique, les données structurées, l’accès et les points de découverte. Le produit se lance depuis aiready.alchimiste-ia.com ; la méthode et le cabinet restent sur alchimiste-ia.com.";"Un visiteur peut ouvrir le site, comprendre l’offre, lancer l’audit et joindre le consultant sans JavaScript opaque ni URL inventée.";"a";"source"
"1";"controle-01-domaine";"fr";"1";"2026-08-14";"controles-indispensables";"P0";"🔐";"Propriété, marque et souveraineté du domaine";"propriete-marque-et-souverainete-du-domaine-p0";"Je vérifie : compte registrar protégé par 2FA, verrouillage du transfert, renouvellement automatique et moyen de paiement de secours, adresse de récupération indépendante du domaine, accès partagé et documenté (pas uniquement détenu par le fondateur), disponibilité ou protection de la marque auprès de l’INPI/EUIPO, réservation des variantes (sans tiret, fautes fréquentes, .fr, comptes sociaux).";"La perte d’un téléphone, d’un collaborateur ou d’une carte bancaire ne peut pas provoquer la perte du domaine.";"a";"source"
"1";"controle-02-dns";"fr";"2";"2026-08-14";"controles-indispensables";"P0";"🌐";"DNS et propagation mondiale";"dns-et-propagation-mondiale-p0";"Je contrôle : A et éventuellement AAAA du domaine racine, CNAME des sous-domaines, cohérence entre www et domaine nu, serveurs NS redondants, TTL adaptés, CAA pour limiter les autorités de certification, DNSSEC si le registrar et l’hébergeur le permettent, absence de wildcard DNS inutile, résolution cohérente depuis plusieurs résolveurs (Google, Cloudflare, Quad9, serveurs autoritatifs).";"Tous les résolveurs retournent la même cible, sans SERVFAIL, boucle CNAME ou ancienne IP.";"a";"source"
"1";"controle-03-https";"fr";"3";"2026-08-14";"controles-indispensables";"P0";"🔒";"HTTPS, certificats et en-têtes de sécurité";"https-certificats-et-en-tetes-de-securite-p0";"Je vérifie pour chaque hôte : certificat valide pour le domaine, www et les sous-domaines, redirection HTTP vers HTTPS en une seule étape, absence de contenu mixte, TLS moderne, en-têtes Strict-Transport-Security (après validation de tous les sous-domaines), Content-Security-Policy, X-Content-Type-Options nosniff, Referrer-Policy, Permissions-Policy, protection contre l’affichage en iframe via CSP frame-ancestors.";"Aucun avertissement navigateur, certificat supervisé et politique CSP testée sans casser Mollie, les formulaires ou le cockpit.";"OWASP recommande ces en-têtes comme couche de défense contre le XSS, le clickjacking et les fuites d’information.";"source"
"1";"controle-04-emails";"fr";"4";"2026-08-14";"controles-indispensables";"P0";"📧";"Emails, identité d’expéditeur et magic links";"emails-identite-d-expediteur-et-magic-links-p0";"Je contrôle : enregistrements MX, SPF unique et valide, DKIM actif, DMARC (d’abord en observation puis renforcé), sous-domaine dédié aux emails transactionnels, cohérence entre From, domaine DKIM et domaine des liens, traitement des rebonds et plaintes, expiration / usage unique / révocation des magic links, limitation des tentatives et anti-énumération des comptes.";"Les emails arrivent chez Gmail, Outlook et Proton sans spam, et un lien déjà utilisé ne peut plus ouvrir de session.";"Pour un SaaS à liens magiques, l’email est une composante d’authentification, pas seulement un canal marketing.";"source"
"1";"controle-05-seo-technique";"fr";"5";"2026-08-14";"controles-indispensables";"P0/P1";"🔍";"SEO technique et maîtrise de l’indexation";"seo-technique-et-maitrise-de-l-indexation-p0-p1";"Je vérifie : codes HTTP réels (200, 301, 404, 410), un seul domaine canonique, balises title / description / canonical, un seul h1 pertinent par page, robots.txt, sitemap.xml ne contenant que les URL canoniques, inscription Google Search Console et Bing Webmaster Tools, pages privées / cockpit / paiements en noindex, pages d’erreur réellement servies en 404, liens internes sans dépendance exclusive au JavaScript.";"Les pages commerciales sont indexables ; les écrans d’authentification, de paiement et de cockpit ne le sont pas.";"a";"source"
"1";"controle-06-seo-international";"fr";"6";"2026-08-14";"controles-indispensables";"P1";"🌍";"SEO international des 19 langues";"seo-international-des-19-langues-p1";"Je vérifie : URL distincte par langue, attribut lang HTML correct, hreflang réciproques, x-default sur le sélecteur de langue, canonical vers la page de la même langue, titres / descriptions / JSON-LD localisés, sélecteur de langue accessible sur chaque page, aucune redirection forcée selon l’adresse IP, absence de mélange linguistique.";"Chaque page dispose de sa propre URL localisée, avec hreflang et canonical cohérents, sans redirection géographique forcée.";"a";"source"
"1";"controle-07-geo";"fr";"7";"2026-08-14";"controles-indispensables";"P1";"🤖";"GEO, agents IA et données structurées";"geo-agents-ia-et-donnees-structurees-p1";"Je distingue quatre niveaux : HTML réellement lisible sans exécution complexe, entités et données structurées cohérentes, documents citables / dates / sources, fichiers expérimentaux destinés aux agents. Je contrôle notamment : JSON-LD Organization / WebSite / SoftwareApplication / Product / Offer, cohérence entre prix visible / JSON-LD / CGV, pages méthode / documentation / sécurité / auteur, robots.txt par type d’agent si besoin, flux RSS / Atom ou changelog, /llms.txt lisible et structuré, sources primaires derrière chaque affirmation technique, date et version du référentiel de scoring.";"a";"llms.txt reste une proposition, pas une norme IETF ni une garantie de visibilité ou de citation. Il doit rester un bonus, jamais un critère bloquant devant l’HTML, le SEO, les données structurées et l’autorité éditoriale.";"source"
"1";"controle-08-performance";"fr";"8";"2026-08-14";"controles-indispensables";"P1";"⚡";"Performance, accessibilité et HCI";"performance-accessibilite-et-hci-p1";"Je mesure : Core Web Vitals réels (LCP, INP, CLS), TTFB par région, poids HTML / CSS / JS / images, comportement mobile, parcours clavier, contraste et focus visible, textes alternatifs, labels des formulaires, annonces accessibles des erreurs, expérience quand JavaScript échoue, lisibilité des prix / CTA / confirmations.";"Une personne peut comprendre l’offre, renseigner son email, payer et consulter son rapport sur mobile, au clavier et avec une connexion médiocre.";"Les Core Web Vitals doivent être mesurés sur l’expérience réelle des visiteurs, Lighthouse restant essentiellement un outil de diagnostic en laboratoire.";"source"
"1";"controle-09-saas-paiement";"fr";"9";"2026-08-14";"controles-indispensables";"P0";"💳";"Intégrité du SaaS, paiement et conformité commerciale";"integrite-du-saas-paiement-et-conformite-commerciale-p0";"Je vérifie le parcours de bout en bout : création de compte, magic link, ajout de domaine, lancement du scan, limitation selon l’abonnement, paiement Mollie, signature et idempotence des webhooks, activation après paiement réellement confirmé, facture, renouvellement, résiliation, remboursement, suppression ou export des données, consentement newsletter distinct du service, identité juridique exacte sur toutes les pages.";"Aucun prix ni droit d’accès n’est codé manuellement dans plusieurs fichiers différents. Le prix affiché, le prix envoyé à Mollie, le montant facturé, le JSON-LD et les CGV viennent de la même source de vérité applicative.";"a";"source"
"1";"controle-10-observabilite";"fr";"10";"2026-08-14";"controles-indispensables";"P0/P1";"📊";"Observabilité, non-régression et continuité";"observabilite-non-regression-et-continuite-p0-p1";"Je mets en place : surveillance du domaine / DNS / certificat, tests synthétiques du site / login / paiement, suivi des erreurs front et back, journaux d’audit, alertes sur les échecs d’email et de webhook, mesure du tunnel visite-scan-email-compte-paiement, sauvegardes automatiques, test de restauration réel, contrôle SEO / GEO à chaque déploiement, politique de rollback, page de statut séparée, SLO mesurable et rapport mensuel.";"a";"a";"source"
